<?xml version="1.0" encoding="UTF-8"?><InteractionHistory Id="local-10" Version="1"><InteractionEvent Delta="null" EndDate="2011-05-04 18:43:05.65 CST" Interest="578.962" Kind="propagation" Navigation="org.eclipse.mylyn.core.model.edges.containment" OriginId="org.eclipse.mylyn.core.model.interest.propagation" StartDate="2011-05-01 08:15:11.186 CST" StructureHandle="" StructureKind="java" NumEvents="801" CreationCount="1"/><InteractionEvent Delta="null" EndDate="2011-05-04 18:37:04.708 CST" Interest="73.0" Kind="edit" Navigation="null" OriginId="org.eclipse.wst.html.core.htmlsource.source" StartDate="2011-05-01 20:27:48.744 CST" StructureHandle="/aries.math.client.editor/src/test/javascript/index.html" StructureKind="resource" NumEvents="51" CreationCount="1"/><InteractionEvent Delta="null" EndDate="2011-05-04 18:37:04.693 CST" Interest="14.0" Kind="selection" Navigation="null" OriginId="org.eclipse.wst.html.core.htmlsource.source" StartDate="2011-05-01 20:27:22.148 CST" StructureHandle="/aries.math.client.editor/src/test/javascript/index.html" StructureKind="resource" NumEvents="8" CreationCount="1"/><InteractionEvent Delta="null" EndDate="2011-05-04 18:37:18.156 CST" Interest="39.3" Kind="propagation" Navigation="org.eclipse.mylyn.core.model.edges.containment" OriginId="org.eclipse.mylyn.core.model.interest.propagation" StartDate="2011-05-04 17:53:19.578 CST" StructureHandle="/aries.math.client.editor/demo" StructureKind="resource" NumEvents="54" CreationCount="1586"/><InteractionEvent Delta="null" EndDate="2011-05-04 18:41:19.504 CST" Interest="362.585" Kind="propagation" Navigation="org.eclipse.mylyn.core.model.edges.containment" OriginId="org.eclipse.mylyn.core.model.interest.propagation" StartDate="2011-05-01 08:15:10.718 CST" StructureHandle="/aries.math.client.editor/src/main" StructureKind="resource" NumEvents="498" CreationCount="1"/><InteractionEvent Delta="null" EndDate="2011-05-04 18:37:18.140 CST" Interest="5.0" Kind="selection" Navigation="null" OriginId="org.eclipse.wst.html.core.htmlsource.source" StartDate="2011-05-04 17:53:19.578 CST" StructureHandle="/aries.math.client.editor/demo/italic.html" StructureKind="resource" NumEvents="5" CreationCount="1586"/><InteractionEvent Delta="null" EndDate="2011-05-04 18:37:18.156 CST" Interest="49.0" Kind="edit" Navigation="null" OriginId="org.eclipse.wst.html.core.htmlsource.source" StartDate="2011-05-04 17:53:19.875 CST" StructureHandle="/aries.math.client.editor/demo/italic.html" StructureKind="resource" NumEvents="49" CreationCount="1586"/><InteractionEvent Delta="null" EndDate="2011-05-04 18:44:46.403 CST" Interest="578.611" Kind="propagation" Navigation="org.eclipse.mylyn.core.model.edges.containment" OriginId="org.eclipse.mylyn.core.model.interest.propagation" StartDate="2011-05-01 08:16:12.338 CST" StructureHandle="/aries.math.client.editor/src/test/javascript" StructureKind="resource" NumEvents="798" CreationCount="4"/><InteractionEvent Delta="null" EndDate="2011-05-01 08:49:06.353 CST" Interest="3.0" Kind="edit" Navigation="null" OriginId="org.eclipse.wst.jsdt.ui.CompilationUnitEditor" StartDate="2011-05-01 08:15:11.280 CST" StructureHandle="/aries.math.client.editor/src/main/javascript/document.js" StructureKind="resource" NumEvents="3" CreationCount="1"/><InteractionEvent Delta="null" EndDate="2011-05-01 09:28:29.41 CST" Interest="6.0" Kind="selection" Navigation="null" OriginId="org.eclipse.ui.navigator.ProjectExplorer" StartDate="2011-05-01 08:15:09.548 CST" StructureHandle="/aries.math.client.editor/src/main/javascript/document.js" StructureKind="resource" NumEvents="6" CreationCount="1"/><InteractionEvent Delta="null" EndDate="2011-05-04 18:44:46.403 CST" Interest="1836.0" Kind="propagation" Navigation="null" OriginId="com.interaktonline.jseclipse.editors.JsEditor" StartDate="2011-05-01 20:27:35.219 CST" StructureHandle="/aries.math.client.editor" StructureKind="resource" NumEvents="1398" CreationCount="1"/><InteractionEvent Delta="null" EndDate="2011-05-04 18:41:19.504 CST" Interest="362.551" Kind="propagation" Navigation="org.eclipse.mylyn.core.model.edges.containment" OriginId="org.eclipse.mylyn.core.model.interest.propagation" StartDate="2011-05-03 07:06:57.302 CST" StructureHandle="/aries.math.client.editor/src/main/javascript" StructureKind="resource" NumEvents="338" CreationCount="3"/><InteractionEvent Delta="null" EndDate="2011-05-04 18:41:19.457 CST" Interest="30.0" Kind="selection" Navigation="null" OriginId="org.eclipse.wst.jsdt.ui.CompilationUnitEditor" StartDate="2011-05-03 07:06:03.60 CST" StructureHandle="/aries.math.client.editor/src/main/javascript/model.js" StructureKind="resource" NumEvents="29" CreationCount="6"/><InteractionEvent Delta="null" EndDate="2011-05-04 18:41:19.504 CST" Interest="475.0" Kind="edit" Navigation="null" OriginId="org.eclipse.wst.jsdt.ui.CompilationUnitEditor" StartDate="2011-05-01 20:20:33.438 CST" StructureHandle="/aries.math.client.editor/src/main/javascript/model.js" StructureKind="resource" NumEvents="322" CreationCount="6"/><InteractionEvent Delta="null" EndDate="2011-05-04 18:44:46.403 CST" Interest="1836.0" Kind="propagation" Navigation="org.eclipse.mylyn.core.model.edges.containment" OriginId="org.eclipse.mylyn.core.model.interest.propagation" StartDate="2011-05-03 07:05:32.262 CST" StructureHandle="/" StructureKind="resource" NumEvents="1398" CreationCount="1"/><InteractionEvent Delta="null" EndDate="2011-05-04 18:43:04.20 CST" Interest="577.962" Kind="propagation" Navigation="org.eclipse.mylyn.core.model.edges.containment" OriginId="org.eclipse.mylyn.core.model.interest.propagation" StartDate="2011-05-01 08:15:10.718 CST" StructureHandle="=aries.math.client.editor" StructureKind="java" NumEvents="800" CreationCount="1"/><InteractionEvent Delta="null" EndDate="2011-05-04 18:43:05.65 CST" Interest="1.0" Kind="selection" Navigation="null" OriginId="org.eclipse.ui.navigator.ProjectExplorer" StartDate="2011-05-04 18:43:05.65 CST" StructureHandle="=aries.math.client.editor" StructureKind="java"/><InteractionEvent Delta="null" EndDate="2011-05-04 18:44:46.403 CST" Interest="578.662" Kind="propagation" Navigation="org.eclipse.mylyn.core.model.edges.containment" OriginId="org.eclipse.mylyn.core.model.interest.propagation" StartDate="2011-05-01 08:15:10.718 CST" StructureHandle="/aries.math.client.editor/src" StructureKind="resource" NumEvents="801" CreationCount="1"/><InteractionEvent Delta="null" EndDate="2011-05-04 18:44:46.403 CST" Interest="578.611" Kind="propagation" Navigation="org.eclipse.mylyn.core.model.edges.containment" OriginId="org.eclipse.mylyn.core.model.interest.propagation" StartDate="2011-05-01 08:16:12.338 CST" StructureHandle="/aries.math.client.editor/src/test" StructureKind="resource" NumEvents="798" CreationCount="4"/><InteractionEvent Delta="null" EndDate="2011-05-01 09:28:06.836 CST" Interest="10.0" Kind="selection" Navigation="null" OriginId="org.eclipse.ui.navigator.ProjectExplorer" StartDate="2011-05-01 08:16:12.338 CST" StructureHandle="/aries.math.client.editor/src/test/javascript/document.js" StructureKind="resource" NumEvents="10" CreationCount="4"/><InteractionEvent Delta="null" EndDate="2011-05-01 09:27:49.696 CST" Interest="204.0" Kind="edit" Navigation="null" OriginId="com.interaktonline.jseclipse.editors.JsEditor" StartDate="2011-05-01 08:16:12.354 CST" StructureHandle="/aries.math.client.editor/src/test/javascript/document.js" StructureKind="resource" NumEvents="204" CreationCount="4"/><InteractionEvent Delta="null" EndDate="2011-05-01 09:28:17.384 CST" Interest="1.0" Kind="propagation" Navigation="null" OriginId="org.eclipse.mylyn.resources.ui.interest.updater" StartDate="2011-05-01 09:28:17.384 CST" StructureHandle="/aries.math.client.editor/src/test/javascript/model.js" StructureKind="resource"/><InteractionEvent Delta="null" EndDate="2011-05-04 18:44:46.403 CST" Interest="770.0" Kind="edit" Navigation="null" OriginId="com.interaktonline.jseclipse.editors.JsEditor" StartDate="2011-05-01 20:26:37.667 CST" StructureHandle="/aries.math.client.editor/src/test/javascript/model.js" StructureKind="resource" NumEvents="747" CreationCount="687"/><InteractionEvent Delta="null" EndDate="2011-05-04 18:43:04.20 CST" Interest="27.0" Kind="selection" Navigation="null" OriginId="org.eclipse.ui.navigator.ProjectExplorer" StartDate="2011-05-01 09:28:57.29 CST" StructureHandle="/aries.math.client.editor/src/test/javascript/model.js" StructureKind="resource" NumEvents="27" CreationCount="687"/></InteractionHistory>