<?xml version="1.0" encoding="UTF-8"?><InteractionHistory Id="local-11" Version="1"><InteractionEvent Delta="null" EndDate="2011-05-08 18:41:30.152 CST" Interest="161.619" Kind="propagation" Navigation="org.eclipse.mylyn.core.model.edges.containment" OriginId="org.eclipse.mylyn.core.model.interest.propagation" StartDate="2011-05-08 17:56:59.175 CST" StructureHandle="" StructureKind="java" NumEvents="231" CreationCount="1"/><InteractionEvent Delta="null" EndDate="2011-05-08 18:40:50.434 CST" Interest="215.0" Kind="edit" Navigation="null" OriginId="com.interaktonline.jseclipse.editors.JsEditor" StartDate="2011-05-08 17:58:18.771 CST" StructureHandle="/aries.math.client.editor/src/main/javascript/editor.js" StructureKind="resource" NumEvents="215" CreationCount="8"/><InteractionEvent Delta="null" EndDate="2011-05-08 18:40:04.211 CST" Interest="10.0" Kind="selection" Navigation="null" OriginId="com.interaktonline.jseclipse.editors.JsEditor" StartDate="2011-05-08 17:58:18.381 CST" StructureHandle="/aries.math.client.editor/src/main/javascript/editor.js" StructureKind="resource" NumEvents="10" CreationCount="8"/><InteractionEvent Delta="null" EndDate="2011-05-08 18:40:50.434 CST" Interest="160.60199" Kind="propagation" Navigation="org.eclipse.mylyn.core.model.edges.containment" OriginId="org.eclipse.mylyn.core.model.interest.propagation" StartDate="2011-05-08 17:57:08.923 CST" StructureHandle="/aries.math.client.editor/src/main" StructureKind="resource" NumEvents="225" CreationCount="2"/><InteractionEvent Delta="null" EndDate="2011-05-08 18:39:56.645 CST" Interest="116.0" Kind="edit" Navigation="null" OriginId="org.eclipse.wst.jsdt.ui.CompilationUnitEditor" StartDate="2011-05-08 17:57:09.475 CST" StructureHandle="/aries.math.client.editor/src/main/javascript/caret.js" StructureKind="resource" NumEvents="116" CreationCount="2"/><InteractionEvent Delta="null" EndDate="2011-05-08 18:39:56.567 CST" Interest="11.0" Kind="selection" Navigation="null" OriginId="org.eclipse.wst.jsdt.ui.CompilationUnitEditor" StartDate="2011-05-08 17:57:08.922 CST" StructureHandle="/aries.math.client.editor/src/main/javascript/caret.js" StructureKind="resource" NumEvents="11" CreationCount="2"/><InteractionEvent Delta="null" EndDate="2011-05-08 18:40:50.434 CST" Interest="160.60199" Kind="propagation" Navigation="org.eclipse.mylyn.core.model.edges.containment" OriginId="org.eclipse.mylyn.core.model.interest.propagation" StartDate="2011-05-08 17:57:08.923 CST" StructureHandle="/aries.math.client.editor/src/main/javascript" StructureKind="resource" NumEvents="225" CreationCount="2"/><InteractionEvent Delta="null" EndDate="2011-05-08 18:41:30.152 CST" Interest="355.0" Kind="propagation" Navigation="null" OriginId="org.eclipse.ui.navigator.ProjectExplorer" StartDate="2011-05-08 17:56:59.175 CST" StructureHandle="/aries.math.client.editor" StructureKind="resource" NumEvents="355" CreationCount="1"/><InteractionEvent Delta="null" EndDate="2011-05-08 18:41:30.152 CST" Interest="355.0" Kind="propagation" Navigation="org.eclipse.mylyn.core.model.edges.containment" OriginId="org.eclipse.mylyn.core.model.interest.propagation" StartDate="2011-05-08 17:56:59.175 CST" StructureHandle="/" StructureKind="resource" NumEvents="355" CreationCount="1"/><InteractionEvent Delta="null" EndDate="2011-05-08 18:40:50.434 CST" Interest="160.60199" Kind="propagation" Navigation="org.eclipse.mylyn.core.model.edges.containment" OriginId="org.eclipse.mylyn.core.model.interest.propagation" StartDate="2011-05-08 17:57:08.923 CST" StructureHandle="/aries.math.client.editor/src" StructureKind="resource" NumEvents="225" CreationCount="2"/><InteractionEvent Delta="null" EndDate="2011-05-08 18:40:50.434 CST" Interest="158.619" Kind="propagation" Navigation="org.eclipse.mylyn.core.model.edges.containment" OriginId="org.eclipse.mylyn.core.model.interest.propagation" StartDate="2011-05-08 17:57:08.923 CST" StructureHandle="=aries.math.client.editor" StructureKind="java" NumEvents="228" CreationCount="1"/><InteractionEvent Delta="null" EndDate="2011-05-08 18:41:30.152 CST" Interest="3.0" Kind="selection" Navigation="null" OriginId="org.eclipse.ui.navigator.ProjectExplorer" StartDate="2011-05-08 17:56:59.175 CST" StructureHandle="=aries.math.client.editor" StructureKind="java" NumEvents="3" CreationCount="1"/></InteractionHistory>