<?xml version="1.0" encoding="UTF-8" standalone="no"?><TaskList Version="2.0"><Task Active="false" ConnectorKind="local" CreationDate="2011-04-23 10:58:53.861 CST" DueDate="" EndDate="" Estimated="0" Handle="local-4" IssueURL="" Kind="task" Label="编写createElement mock方法" LastModified="now" MarkReadPending="false" ModificationDate="" Notes="" NotifiedIncoming="true" Owner="local" Priority="P3" Reminded="false" RepositoryUrl="local" ScheduledEndDate="2011-04-23 23:59:59.999 CST" ScheduledStartDate="2011-04-17 00:00:00.0 CST" Stale="false" TaskId="4" offlineSyncState="SYNCHRONIZED"/><Task Active="false" ConnectorKind="local" CreationDate="2011-04-21 19:05:24.308 CST" DueDate="" EndDate="" Estimated="0" Handle="local-3" IssueURL="" Kind="task" Label="判断浏览器是否支持LoveMath Editor" LastModified="now" MarkReadPending="false" ModificationDate="" Notes="在创建Editor之前先判断浏览器是否支持math editor&#13;&#10;&#13;&#10;如果支持，则设置supprot属性为true;否则设置为false&#13;&#10;&#13;&#10;如果support属性为true则往div中写入一个canvas对象；&#13;&#10;如果support属性为false则往div中输出提示信息。" NotifiedIncoming="true" Owner="local" Priority="P3" Reminded="false" RepositoryUrl="local" ScheduledEndDate="2011-04-23 23:59:59.999 CST" ScheduledStartDate="2011-04-17 00:00:00.0 CST" Stale="false" TaskId="3" offlineSyncState="SYNCHRONIZED"/><Task Active="false" ConnectorKind="local" CreationDate="2011-04-21 00:29:20.533 CST" DueDate="" EndDate="2011-04-21 19:05:10.250 CST" Estimated="0" Handle="local-2" IssueURL="" Kind="task" Label="初始化编辑器" LastModified="now" MarkReadPending="false" ModificationDate="" Notes="初始化编辑器&#13;&#10;前置条件：&#13;&#10;没有任何输入&#13;&#10;后置条件：&#13;&#10;显示一个可编辑的没有内容的编辑器" NotifiedIncoming="true" Owner="local" Priority="P3" Reminded="false" RepositoryUrl="local" ScheduledEndDate="2011-04-23 23:59:59.999 CST" ScheduledStartDate="2011-04-17 00:00:00.0 CST" Stale="false" TaskId="2" offlineSyncState="SYNCHRONIZED"/><Task Active="false" ConnectorKind="local" CreationDate="2011-04-21 00:22:46.190 CST" DueDate="" EndDate="" Estimated="0" Handle="local-1" IssueURL="" Kind="task" Label="Hello World" LastModified="now" MarkReadPending="false" ModificationDate="" Notes="test" NotifiedIncoming="true" Owner="local" Priority="P3" Reminded="false" RepositoryUrl="local" ScheduledEndDate="2011-04-23 23:59:59.999 CST" ScheduledStartDate="2011-04-17 00:00:00.0 CST" Stale="false" TaskId="1" offlineSyncState="SYNCHRONIZED"/><TaskCategory Handle="handle-1" Name="test"><TaskReference Handle="local-1"/></TaskCategory><TaskCategory Handle="Uncategorized" Name="Uncategorized"><TaskReference Handle="local-4"/><TaskReference Handle="local-3"/><TaskReference Handle="local-2"/></TaskCategory></TaskList>