<?xml version="1.0" encoding="UTF-8" standalone="no"?><TaskList Version="2.0"><Task Active="false" ConnectorKind="local" CreationDate="2011-04-27 22:19:32.742 CST" DueDate="" EndDate="" Estimated="0" Handle="local-6" IssueURL="" Kind="task" Label="JavaScript Task: TODO :如果初始化时，已经有数学公式存在，则将光标放到最后。" LastModified="now" MarkReadPending="false" ModificationDate="" Notes="Resource: aries.math.client.editor/src/main/javascript/caret.js&#10;Location: line 43" NotifiedIncoming="true" Owner="local" Priority="P3" Reminded="false" RepositoryUrl="local" ScheduledEndDate="2011-05-07 23:59:59.999 CST" ScheduledStartDate="2011-05-01 00:00:00.0 CST" Stale="false" TaskId="6" offlineSyncState="SYNCHRONIZED"/><Task Active="false" ConnectorKind="local" CreationDate="2011-05-08 17:55:58.48 CST" DueDate="" EndDate="2011-05-08 18:42:18.449 CST" Estimated="0" Handle="local-11" IssueURL="" Kind="task" Label="如果光标的位置没有发生变化，则点击鼠标时不重新开始刷新光标" LastModified="now" MarkReadPending="false" ModificationDate="" Notes="" NotifiedIncoming="true" Owner="local" Priority="P3" Reminded="false" RepositoryUrl="local" ScheduledEndDate="2011-05-14 23:59:59.999 CST" ScheduledStartDate="2011-05-08 00:00:00.0 CST" Stale="false" TaskId="11" offlineSyncState="SYNCHRONIZED"/><Task Active="false" ConnectorKind="local" CreationDate="2011-04-27 23:53:47.224 CST" DueDate="" EndDate="" Estimated="0" Handle="local-7" IssueURL="" Kind="task" Label="上下左右移动光标" LastModified="now" MarkReadPending="false" ModificationDate="" Notes="先实现固定宽度的移动&#13;&#10;&#13;&#10;然后实现根据字符的宽度来移动&#13;&#10;&#13;&#10;应该由caret外部对象通过控制x和y的位置来进行移动，因此caret的逻辑基本已经完成了。&#13;&#10;需要一个管理所有键盘和鼠标操作的对象" NotifiedIncoming="true" Owner="local" Priority="P3" Reminded="false" RepositoryUrl="local" ScheduledEndDate="2011-05-07 23:59:59.999 CST" ScheduledStartDate="2011-05-01 00:00:00.0 CST" Stale="false" TaskId="7" offlineSyncState="SYNCHRONIZED"/><Task Active="false" ConnectorKind="local" CreationDate="2011-05-08 18:58:04.655 CST" DueDate="" EndDate="" Estimated="0" Handle="local-13" IssueURL="" Kind="task" Label="JavaScript Task: TODO ：将dom中的元素重新绘制一遍" LastModified="now" MarkReadPending="false" ModificationDate="" Notes="Resource: aries.math.client.editor/src/main/javascript/editor.js&#10;Location: line 220" NotifiedIncoming="true" Owner="local" Priority="P3" Reminded="false" RepositoryUrl="local" ScheduledEndDate="2011-05-14 23:59:59.999 CST" ScheduledStartDate="2011-05-08 00:00:00.0 CST" Stale="false" TaskId="13" offlineSyncState="SYNCHRONIZED"/><Task Active="false" ConnectorKind="local" CreationDate="2011-04-23 10:58:53.861 CST" DueDate="" EndDate="2011-04-24 20:23:09.124 CST" Estimated="0" Handle="local-4" IssueURL="" Kind="task" Label="编写createElement mock方法" LastModified="now" MarkReadPending="false" ModificationDate="" Notes="" NotifiedIncoming="true" Owner="local" Priority="P3" Reminded="false" RepositoryUrl="local" ScheduledEndDate="2011-04-23 23:59:59.999 CST" ScheduledStartDate="2011-04-17 00:00:00.0 CST" Stale="false" TaskId="4" offlineSyncState="SYNCHRONIZED"/><Task Active="true" ConnectorKind="local" CreationDate="2011-04-29 14:23:21.598 CST" DueDate="" EndDate="" Estimated="0" Handle="local-9" IssueURL="" Kind="task" Label="使用数学画简单的加减乘除数学公式" LastModified="now" MarkReadPending="false" ModificationDate="" Notes="将mi中的元素如0-9,a-z,A-Z在canvas中画出来&#13;&#10;将mo中的元素如+ - × ÷ = 在canvas中画出来&#13;&#10;&#13;&#10;&#13;&#10;如果输入*，则弹出一个提示窗口，将所有× *等都在提示面板中显示出来，使用频率最高的放到最上面" NotifiedIncoming="true" Owner="local" Priority="P3" Reminded="false" RepositoryUrl="local" ScheduledEndDate="2011-04-30 23:59:59.999 CST" ScheduledStartDate="2011-04-24 00:00:00.0 CST" Stale="false" TaskId="9" offlineSyncState="SYNCHRONIZED"/><Task Active="false" ConnectorKind="local" CreationDate="2011-04-21 19:05:24.308 CST" DueDate="" EndDate="2011-04-25 12:28:03.460 CST" Estimated="0" Handle="local-3" IssueURL="" Kind="task" Label="判断浏览器是否支持LoveMath Editor" LastModified="now" MarkReadPending="false" ModificationDate="" Notes="在创建Editor之前先判断浏览器是否支持math editor&#13;&#10;&#13;&#10;如果支持，则设置supprot属性为true;否则设置为false&#13;&#10;&#13;&#10;如果support属性为true则往div中写入一个canvas对象；&#13;&#10;如果support属性为false则往div中输出提示信息。" NotifiedIncoming="true" Owner="local" Priority="P3" Reminded="false" RepositoryUrl="local" ScheduledEndDate="2011-04-23 23:59:59.999 CST" ScheduledStartDate="2011-04-17 00:00:00.0 CST" Stale="false" TaskId="3" offlineSyncState="SYNCHRONIZED"/><Task Active="false" ConnectorKind="local" CreationDate="2011-04-21 00:29:20.533 CST" DueDate="" EndDate="2011-04-21 19:05:10.250 CST" Estimated="0" Handle="local-2" IssueURL="" Kind="task" Label="初始化编辑器" LastModified="now" MarkReadPending="false" ModificationDate="" Notes="初始化编辑器&#13;&#10;前置条件：&#13;&#10;没有任何输入&#13;&#10;后置条件：&#13;&#10;显示一个可编辑的没有内容的编辑器" NotifiedIncoming="true" Owner="local" Priority="P3" Reminded="false" RepositoryUrl="local" ScheduledEndDate="2011-04-23 23:59:59.999 CST" ScheduledStartDate="2011-04-17 00:00:00.0 CST" Stale="false" TaskId="2" offlineSyncState="SYNCHRONIZED"/><Task Active="false" ConnectorKind="local" CreationDate="2011-04-21 00:22:46.190 CST" DueDate="" EndDate="" Estimated="0" Handle="local-1" IssueURL="" Kind="task" Label="Hello World" LastModified="now" MarkReadPending="false" ModificationDate="" Notes="test" NotifiedIncoming="true" Owner="local" Priority="P3" Reminded="false" RepositoryUrl="local" ScheduledEndDate="2011-04-23 23:59:59.999 CST" ScheduledStartDate="2011-04-17 00:00:00.0 CST" Stale="false" TaskId="1" offlineSyncState="SYNCHRONIZED"/><Task Active="false" ConnectorKind="local" CreationDate="2011-05-01 08:07:33.600 CST" DueDate="" EndDate="2011-05-04 18:42:04.343 CST" Estimated="0" Handle="local-10" IssueURL="" Kind="task" Label="往model中添加内容" LastModified="now" MarkReadPending="false" ModificationDate="" Notes="如果加入0-9,a-z,A-Z则放入&lt;mi&gt;元素中&#13;&#10;如果加入+ - × ÷ = 则放入&lt;mo&gt;元素中" NotifiedIncoming="true" Owner="local" Priority="P3" Reminded="false" RepositoryUrl="local" ScheduledEndDate="2011-05-07 23:59:59.999 CST" ScheduledStartDate="2011-05-01 00:00:00.0 CST" Stale="false" TaskId="10" offlineSyncState="SYNCHRONIZED"/><Task Active="false" ConnectorKind="local" CreationDate="2011-05-08 18:57:39.960 CST" DueDate="" EndDate="" Estimated="0" Handle="local-12" IssueURL="" Kind="task" Label="JavaScript Task: TODO ：先往dom中添加字符" LastModified="now" MarkReadPending="false" ModificationDate="" Notes="Resource: aries.math.client.editor/src/main/javascript/editor.js&#10;Location: line 218" NotifiedIncoming="true" Owner="local" Priority="P3" Reminded="false" RepositoryUrl="local" ScheduledEndDate="2011-05-14 23:59:59.999 CST" ScheduledStartDate="2011-05-08 00:00:00.0 CST" Stale="false" TaskId="12" offlineSyncState="SYNCHRONIZED"/><Task Active="false" ConnectorKind="local" CreationDate="2011-04-25 21:18:50.695 CST" DueDate="" EndDate="2011-04-27 23:53:32.717 CST" Estimated="0" Handle="local-5" IssueURL="" Kind="task" Label="编写一个光标类，当没有内容时在canvas的最前面显示一个闪烁的光标" LastModified="now" MarkReadPending="false" ModificationDate="" Notes="" NotifiedIncoming="true" Owner="local" Priority="P3" Reminded="false" RepositoryUrl="local" ScheduledEndDate="2011-04-30 23:59:59.999 CST" ScheduledStartDate="2011-04-24 00:00:00.0 CST" Stale="false" TaskId="5" offlineSyncState="SYNCHRONIZED"/><TaskCategory Handle="handle-1" Name="test"><TaskReference Handle="local-1"/></TaskCategory><TaskCategory Handle="Uncategorized" Name="Uncategorized"><TaskReference Handle="local-11"/><TaskReference Handle="local-6"/><TaskReference Handle="local-7"/><TaskReference Handle="local-13"/><TaskReference Handle="local-4"/><TaskReference Handle="local-3"/><TaskReference Handle="local-9"/><TaskReference Handle="local-2"/><TaskReference Handle="local-10"/><TaskReference Handle="local-12"/><TaskReference Handle="local-5"/></TaskCategory></TaskList>