<?xml version="1.0" encoding="UTF-8"?><InteractionHistory Id="local-2" Version="1"><InteractionEvent Delta="null" EndDate="2011-04-21 18:57:52.633 CST" Interest="212.421" Kind="propagation" Navigation="org.eclipse.mylyn.core.model.edges.containment" OriginId="org.eclipse.mylyn.core.model.interest.propagation" StartDate="2011-04-21 12:13:37.643 CST" StructureHandle="" StructureKind="java" NumEvents="297" CreationCount="1"/><InteractionEvent Delta="null" EndDate="2011-04-21 18:30:19.815 CST" Interest="2.0" Kind="selection" Navigation="null" OriginId="org.eclipse.ui.navigator.ProjectExplorer" StartDate="2011-04-21 18:27:33.261 CST" StructureHandle="/aries.math.client.editor/src/test/javascript/index.html" StructureKind="resource" NumEvents="2" CreationCount="386"/><InteractionEvent Delta="null" EndDate="2011-04-21 18:28:03.372 CST" Interest="13.0" Kind="edit" Navigation="null" OriginId="org.eclipse.wst.html.core.htmlsource.source" StartDate="2011-04-21 18:27:33.683 CST" StructureHandle="/aries.math.client.editor/src/test/javascript/index.html" StructureKind="resource" NumEvents="13" CreationCount="386"/><InteractionEvent Delta="null" EndDate="2011-04-21 18:56:27.313 CST" Interest="209.5" Kind="propagation" Navigation="org.eclipse.mylyn.core.model.edges.containment" OriginId="org.eclipse.mylyn.core.model.interest.propagation" StartDate="2011-04-21 12:35:12.129 CST" StructureHandle="/aries.math.client.editor/src/main" StructureKind="resource" NumEvents="286" CreationCount="114"/><InteractionEvent Delta="null" EndDate="2011-04-21 18:49:13.94 CST" Interest="1.0" Kind="propagation" Navigation="null" OriginId="org.eclipse.mylyn.resources.ui.interest.updater" StartDate="2011-04-21 18:49:13.94 CST" StructureHandle="/aries.math.client.editor/src/main/javascript/util" StructureKind="resource"/><InteractionEvent Delta="null" EndDate="2011-04-21 18:50:08.172 CST" Interest="1.0" Kind="selection" Navigation="null" OriginId="org.eclipse.ui.navigator.ProjectExplorer" StartDate="2011-04-21 18:50:08.172 CST" StructureHandle="/aries.math.client.editor/src/main/javascript/util" StructureKind="resource"/><InteractionEvent Delta="null" EndDate="2011-04-21 12:49:39.97 CST" Interest="1.0" Kind="propagation" Navigation="null" OriginId="org.eclipse.mylyn.resources.ui.interest.updater" StartDate="2011-04-21 12:49:39.97 CST" StructureHandle="/aries.math.client.editor/src/test/javascript/canvas.js" StructureKind="resource"/><InteractionEvent Delta="null" EndDate="2011-04-21 12:49:39.667 CST" Interest="1.0" Kind="selection" Navigation="null" OriginId="org.eclipse.wst.jsdt.ui.CompilationUnitEditor" StartDate="2011-04-21 12:49:39.667 CST" StructureHandle="/aries.math.client.editor/src/test/javascript/canvas.js" StructureKind="resource"/><InteractionEvent Delta="null" EndDate="2011-04-21 18:20:08.200 CST" Interest="19.0" Kind="edit" Navigation="null" OriginId="org.eclipse.wst.jsdt.ui.CompilationUnitEditor" StartDate="2011-04-21 12:49:39.767 CST" StructureHandle="/aries.math.client.editor/src/test/javascript/canvas.js" StructureKind="resource" NumEvents="19" CreationCount="252"/><InteractionEvent Delta="null" EndDate="2011-04-21 19:05:13.457 CST" Interest="150.4" Kind="propagation" Navigation="org.eclipse.mylyn.core.model.edges.containment" OriginId="org.eclipse.mylyn.core.model.interest.propagation" StartDate="2011-04-21 12:13:37.608 CST" StructureHandle="/aries.math.client.editor/src/test/javascript" StructureKind="resource" NumEvents="208" CreationCount="1"/><InteractionEvent Delta="null" EndDate="2011-04-21 18:49:16.248 CST" Interest="2.0" Kind="selection" Navigation="null" OriginId="org.eclipse.ui.navigator.ProjectExplorer" StartDate="2011-04-21 12:49:31.5 CST" StructureHandle="/aries.math.client.editor/src/test/javascript" StructureKind="resource" NumEvents="2" CreationCount="1"/><InteractionEvent Delta="null" EndDate="2011-04-21 19:05:13.458 CST" Interest="721.0" Kind="propagation" Navigation="null" OriginId="com.interaktonline.jseclipse.editors.JsEditor" StartDate="2011-04-21 12:13:37.643 CST" StructureHandle="/aries.math.client.editor" StructureKind="resource" NumEvents="721" CreationCount="1"/><InteractionEvent Delta="null" EndDate="2011-04-21 18:56:27.313 CST" Interest="204.5" Kind="propagation" Navigation="org.eclipse.mylyn.core.model.edges.containment" OriginId="org.eclipse.mylyn.core.model.interest.propagation" StartDate="2011-04-21 12:35:12.129 CST" StructureHandle="/aries.math.client.editor/src/main/javascript" StructureKind="resource" NumEvents="281" CreationCount="114"/><InteractionEvent Delta="null" EndDate="2011-04-21 18:49:03.123 CST" Interest="5.0" Kind="selection" Navigation="null" OriginId="org.eclipse.ui.navigator.ProjectExplorer" StartDate="2011-04-21 12:45:39.338 CST" StructureHandle="/aries.math.client.editor/src/main/javascript" StructureKind="resource" NumEvents="5" CreationCount="114"/><InteractionEvent Delta="null" EndDate="2011-04-21 19:05:13.458 CST" Interest="721.0" Kind="propagation" Navigation="org.eclipse.mylyn.core.model.edges.containment" OriginId="org.eclipse.mylyn.core.model.interest.propagation" StartDate="2011-04-21 12:13:37.643 CST" StructureHandle="/" StructureKind="resource" NumEvents="721" CreationCount="1"/><InteractionEvent Delta="null" EndDate="2011-04-21 18:56:27.314 CST" Interest="211.421" Kind="propagation" Navigation="org.eclipse.mylyn.core.model.edges.containment" OriginId="org.eclipse.mylyn.core.model.interest.propagation" StartDate="2011-04-21 12:13:37.609 CST" StructureHandle="=aries.math.client.editor" StructureKind="java" NumEvents="296" CreationCount="1"/><InteractionEvent Delta="null" EndDate="2011-04-21 18:57:52.633 CST" Interest="1.0" Kind="selection" Navigation="null" OriginId="org.eclipse.ui.navigator.ProjectExplorer" StartDate="2011-04-21 18:57:52.633 CST" StructureHandle="=aries.math.client.editor" StructureKind="java"/><InteractionEvent Delta="null" EndDate="2011-04-21 18:56:27.313 CST" Interest="211.421" Kind="propagation" Navigation="org.eclipse.mylyn.core.model.edges.containment" OriginId="org.eclipse.mylyn.core.model.interest.propagation" StartDate="2011-04-21 12:13:37.608 CST" StructureHandle="/aries.math.client.editor/src" StructureKind="resource" NumEvents="296" CreationCount="1"/><InteractionEvent Delta="null" EndDate="2011-04-21 12:46:05.908 CST" Interest="1.0" Kind="propagation" Navigation="null" OriginId="org.eclipse.mylyn.resources.ui.interest.updater" StartDate="2011-04-21 12:46:05.908 CST" StructureHandle="/aries.math.client.editor/src/main/javascript/canvas.js" StructureKind="resource"/><InteractionEvent Delta="null" EndDate="2011-04-21 18:57:52.460 CST" Interest="22.0" Kind="selection" Navigation="null" OriginId="org.eclipse.ui.navigator.ProjectExplorer" StartDate="2011-04-21 12:46:07.54 CST" StructureHandle="/aries.math.client.editor/src/main/javascript/canvas.js" StructureKind="resource" NumEvents="22" CreationCount="5"/><InteractionEvent Delta="null" EndDate="2011-04-21 18:57:30.369 CST" Interest="141.0" Kind="edit" Navigation="null" OriginId="com.interaktonline.jseclipse.editors.JsEditor" StartDate="2011-04-21 12:46:07.355 CST" StructureHandle="/aries.math.client.editor/src/main/javascript/canvas.js" StructureKind="resource" NumEvents="141" CreationCount="5"/><InteractionEvent Delta="null" EndDate="2011-04-21 18:56:21.893 CST" Interest="31.0" Kind="selection" Navigation="null" OriginId="com.interaktonline.jseclipse.editors.JsEditor" StartDate="2011-04-21 12:35:12.129 CST" StructureHandle="/aries.math.client.editor/src/main/javascript/editor.js" StructureKind="resource" NumEvents="31" CreationCount="114"/><InteractionEvent Delta="null" EndDate="2011-04-21 18:56:27.312 CST" Interest="255.0" Kind="edit" Navigation="null" OriginId="com.interaktonline.jseclipse.editors.JsEditor" StartDate="2011-04-21 12:35:26.910 CST" StructureHandle="/aries.math.client.editor/src/main/javascript/editor.js" StructureKind="resource" NumEvents="255" CreationCount="114"/><InteractionEvent Delta="null" EndDate="2011-04-21 19:05:13.457 CST" Interest="152.4" Kind="propagation" Navigation="org.eclipse.mylyn.core.model.edges.containment" OriginId="org.eclipse.mylyn.core.model.interest.propagation" StartDate="2011-04-21 12:13:37.608 CST" StructureHandle="/aries.math.client.editor/src/test" StructureKind="resource" NumEvents="210" CreationCount="1"/><InteractionEvent Delta="null" EndDate="2011-04-21 18:49:27.745 CST" Interest="1.0" Kind="propagation" Navigation="null" OriginId="org.eclipse.mylyn.resources.ui.interest.updater" StartDate="2011-04-21 18:49:27.745 CST" StructureHandle="/aries.math.client.editor/src/test/javascript/util" StructureKind="resource"/><InteractionEvent Delta="null" EndDate="2011-04-21 18:49:28.282 CST" Interest="1.0" Kind="selection" Navigation="null" OriginId="org.eclipse.ui.navigator.ProjectExplorer" StartDate="2011-04-21 18:49:28.282 CST" StructureHandle="/aries.math.client.editor/src/test/javascript/util" StructureKind="resource"/><InteractionEvent Delta="null" EndDate="2011-04-21 19:03:28.993 CST" Interest="18.0" Kind="selection" Navigation="null" OriginId="com.interaktonline.jseclipse.editors.JsEditor" StartDate="2011-04-21 12:13:37.588 CST" StructureHandle="/aries.math.client.editor/src/test/javascript/editor.js" StructureKind="resource" NumEvents="18" CreationCount="1"/><InteractionEvent Delta="null" EndDate="2011-04-21 19:05:13.457 CST" Interest="192.0" Kind="edit" Navigation="null" OriginId="com.interaktonline.jseclipse.editors.JsEditor" StartDate="2011-04-21 12:13:38.373 CST" StructureHandle="/aries.math.client.editor/src/test/javascript/editor.js" StructureKind="resource" NumEvents="192" CreationCount="1"/></InteractionHistory>