<?xml version="1.0" encoding="UTF-8"?><InteractionHistory Id="local-3" Version="1"><InteractionEvent Delta="null" EndDate="2011-04-24 22:49:51.822 CST" Interest="1372.6512" Kind="propagation" Navigation="org.eclipse.mylyn.core.model.edges.containment" OriginId="org.eclipse.mylyn.core.model.interest.propagation" StartDate="2011-04-23 07:07:55.911 CST" StructureHandle="" StructureKind="java" NumEvents="807" CreationCount="3"/><InteractionEvent Delta="null" EndDate="2011-04-24 22:17:44.948 CST" Interest="4.517002" Kind="manipulation" Navigation="null" OriginId="org.eclipse.mylyn.core.model.interest.decay.correction" StartDate="2011-04-24 22:17:44.948 CST" StructureHandle="/aries.math.client.editor/src/test/javascript/index.html" StructureKind="resource"/><InteractionEvent Delta="null" EndDate="2011-04-25 12:27:01.122 CST" Interest="55.0" Kind="edit" Navigation="null" OriginId="org.eclipse.wst.html.core.htmlsource.source" StartDate="2011-04-23 08:28:22.507 CST" StructureHandle="/aries.math.client.editor/src/test/javascript/index.html" StructureKind="resource" NumEvents="55" CreationCount="0"/><InteractionEvent Delta="null" EndDate="2011-04-25 12:27:01.106 CST" Interest="16.0" Kind="selection" Navigation="null" OriginId="org.eclipse.wst.html.core.htmlsource.source" StartDate="2011-04-23 08:47:09.837 CST" StructureHandle="/aries.math.client.editor/src/test/javascript/index.html" StructureKind="resource" NumEvents="16" CreationCount="0"/><InteractionEvent Delta="null" EndDate="2011-04-25 12:27:17.732 CST" Interest="396.3" Kind="propagation" Navigation="org.eclipse.mylyn.core.model.edges.containment" OriginId="org.eclipse.mylyn.core.model.interest.propagation" StartDate="2011-04-23 08:04:24.789 CST" StructureHandle="/aries.math.client.editor/src/main" StructureKind="resource" NumEvents="182" CreationCount="2"/><InteractionEvent Delta="null" EndDate="2011-04-24 22:06:45.556 CST" Interest="36.19" Kind="propagation" Navigation="org.eclipse.mylyn.core.model.edges.containment" OriginId="org.eclipse.mylyn.core.model.interest.propagation" StartDate="2011-04-23 07:02:55.39 CST" StructureHandle="/aries.math.client.editor/src/main/resources" StructureKind="resource" NumEvents="8" CreationCount="147"/><InteractionEvent Delta="null" EndDate="2011-04-24 22:49:31.413 CST" Interest="1828.0" Kind="edit" Navigation="null" OriginId="com.interaktonline.jseclipse.editors.JsEditor" StartDate="2011-04-23 08:04:57.777 CST" StructureHandle="/aries.math.client.editor/src/test/javascript/canvas.js" StructureKind="resource" NumEvents="675" CreationCount="6"/><InteractionEvent Delta="null" EndDate="2011-04-24 22:38:23.263 CST" Interest="93.0" Kind="selection" Navigation="null" OriginId="com.interaktonline.jseclipse.editors.JsEditor" StartDate="2011-04-23 06:27:42.616 CST" StructureHandle="/aries.math.client.editor/src/test/javascript/canvas.js" StructureKind="resource" NumEvents="47" CreationCount="6"/><InteractionEvent Delta="null" EndDate="2011-04-23 07:59:39.948 CST" Interest="1.0" Kind="edit" Navigation="null" OriginId="org.eclipse.wst.jsdt.ui.CompilationUnitEditor" StartDate="2011-04-23 07:59:39.948 CST" StructureHandle="/aries.math.client.editor/lib/jsmock/jsmock.js" StructureKind="resource"/><InteractionEvent Delta="null" EndDate="2011-04-23 07:51:28.376 CST" Interest="1.0" Kind="propagation" Navigation="null" OriginId="org.eclipse.mylyn.resources.ui.interest.updater" StartDate="2011-04-23 07:51:28.376 CST" StructureHandle="/aries.math.client.editor/lib/jsmock/jsmock.js" StructureKind="resource"/><InteractionEvent Delta="null" EndDate="2011-04-23 07:59:39.868 CST" Interest="1.0" Kind="selection" Navigation="null" OriginId="org.eclipse.wst.jsdt.ui.CompilationUnitEditor" StartDate="2011-04-23 07:59:39.868 CST" StructureHandle="/aries.math.client.editor/lib/jsmock/jsmock.js" StructureKind="resource"/><InteractionEvent Delta="null" EndDate="2011-04-24 22:16:54.338 CST" Interest="1.0" Kind="selection" Navigation="null" OriginId="org.eclipse.ui.navigator.ProjectExplorer" StartDate="2011-04-24 22:16:54.338 CST" StructureHandle="/aries.math.client.editor/src/main/javascript/notsupport.html" StructureKind="resource"/><InteractionEvent Delta="null" EndDate="2011-04-23 07:29:03.81 CST" Interest="5.0" Kind="edit" Navigation="null" OriginId="org.eclipse.wst.jsdt.ui.CompilationUnitEditor" StartDate="2011-04-23 07:34:06.584 CST" StructureHandle="/aries.math.client.editor/lib/jquery/qunit.js" StructureKind="resource" NumEvents="5" CreationCount="453"/><InteractionEvent Delta="null" EndDate="2011-04-23 07:34:06.551 CST" Interest="4.0" Kind="selection" Navigation="null" OriginId="org.eclipse.wst.jsdt.ui.CompilationUnitEditor" StartDate="2011-04-23 07:47:46.476 CST" StructureHandle="/aries.math.client.editor/lib/jquery/qunit.js" StructureKind="resource" NumEvents="4" CreationCount="453"/><InteractionEvent Delta="null" EndDate="2011-04-25 12:27:17.731 CST" Interest="394.3" Kind="propagation" Navigation="org.eclipse.mylyn.core.model.edges.containment" OriginId="org.eclipse.mylyn.core.model.interest.propagation" StartDate="2011-04-23 07:03:53.639 CST" StructureHandle="/aries.math.client.editor/src/main/javascript" StructureKind="resource" NumEvents="179" CreationCount="2"/><InteractionEvent Delta="null" EndDate="2011-04-24 22:16:43.847 CST" Interest="2.0" Kind="selection" Navigation="null" OriginId="org.eclipse.ui.navigator.ProjectExplorer" StartDate="2011-04-24 22:06:47.876 CST" StructureHandle="/aries.math.client.editor/src/main/javascript" StructureKind="resource" NumEvents="2" CreationCount="2"/><InteractionEvent Delta="null" EndDate="2011-04-24 22:17:54.13 CST" Interest="7.0" Kind="edit" Navigation="null" OriginId="org.eclipse.wst.html.core.htmlsource.source" StartDate="2011-04-24 22:17:26.639 CST" StructureHandle="/aries.math.client.editor/src/test/javascript/util.html" StructureKind="resource" NumEvents="7" CreationCount="2245"/><InteractionEvent Delta="null" EndDate="2011-04-24 22:18:10.70 CST" Interest="6.0" Kind="selection" Navigation="null" OriginId="org.eclipse.ui.navigator.ProjectExplorer" StartDate="2011-04-24 22:17:23.369 CST" StructureHandle="/aries.math.client.editor/src/test/javascript/util.html" StructureKind="resource" NumEvents="6" CreationCount="2245"/><InteractionEvent Delta="null" EndDate="2011-04-22 23:21:16.799 CST" Interest="36.541" Kind="propagation" Navigation="org.eclipse.mylyn.core.model.edges.containment" OriginId="org.eclipse.mylyn.core.model.interest.propagation" StartDate="2011-04-23 07:02:37.231 CST" StructureHandle="/aries.math.client.editor/src/test/javascript/data" StructureKind="resource" NumEvents="4" CreationCount="314"/><InteractionEvent Delta="null" EndDate="2011-04-21 20:20:24.492 CST" Interest="3.0" Kind="selection" Navigation="null" OriginId="org.eclipse.ui.navigator.ProjectExplorer" StartDate="2011-04-21 19:58:59.244 CST" StructureHandle="/aries.math.client.editor/src/test/javascript/data" StructureKind="resource" NumEvents="3" CreationCount="267"/><InteractionEvent Delta="null" EndDate="2011-04-24 22:49:51.822 CST" Interest="1370.6852" Kind="propagation" Navigation="org.eclipse.mylyn.core.model.edges.containment" OriginId="org.eclipse.mylyn.core.model.interest.propagation" StartDate="2011-04-23 07:07:40.334 CST" StructureHandle="=aries.math.client.editor" StructureKind="java" NumEvents="741" CreationCount="1"/><InteractionEvent Delta="null" EndDate="2011-04-23 06:27:42.745 CST" Interest="2.0" Kind="selection" Navigation="null" OriginId="org.eclipse.ui.navigator.ProjectExplorer" StartDate="2011-04-23 06:23:05.726 CST" StructureHandle="=aries.math.client.editor" StructureKind="java" NumEvents="2" CreationCount="1"/><InteractionEvent Delta="null" EndDate="2011-04-24 22:49:51.822 CST" Interest="20.0" Kind="edit" Navigation="null" OriginId="org.eclipse.wst.jsdt.ui.CompilationUnitEditor" StartDate="2011-04-24 20:52:35.21 CST" StructureHandle="/aries.math.client.editor/src/main/javascript/util.js" StructureKind="resource" NumEvents="20" CreationCount="1794"/><InteractionEvent Delta="null" EndDate="2011-04-24 22:49:51.783 CST" Interest="17.0" Kind="selection" Navigation="null" OriginId="org.eclipse.wst.jsdt.ui.CompilationUnitEditor" StartDate="2011-04-24 20:52:34.741 CST" StructureHandle="/aries.math.client.editor/src/main/javascript/util.js" StructureKind="resource" NumEvents="17" CreationCount="1794"/><InteractionEvent Delta="null" EndDate="2011-04-22 12:13:16.302 CST" Interest="192.602" Kind="manipulation" Navigation="null" OriginId="org.eclipse.mylyn.ui.interest.user" StartDate="2011-04-22 12:13:16.302 CST" StructureHandle="/aries.math.client.editor/src/test/javascript/editor.js" StructureKind="resource"/><InteractionEvent Delta="null" EndDate="2011-04-24 20:48:54.707 CST" Interest="80.0" Kind="edit" Navigation="null" OriginId="org.eclipse.wst.jsdt.ui.CompilationUnitEditor" StartDate="2011-04-22 12:14:14.886 CST" StructureHandle="/aries.math.client.editor/src/test/javascript/editor.js" StructureKind="resource" NumEvents="72" CreationCount="2"/><InteractionEvent Delta="null" EndDate="2011-04-24 21:06:00.654 CST" Interest="16.0" Kind="selection" Navigation="null" OriginId="org.eclipse.ui.navigator.ProjectExplorer" StartDate="2011-04-22 12:12:47.962 CST" StructureHandle="/aries.math.client.editor/src/test/javascript/editor.js" StructureKind="resource" NumEvents="14" CreationCount="2"/><InteractionEvent Delta="null" EndDate="2011-04-25 12:27:34.407 CST" Interest="263.0" Kind="edit" Navigation="null" OriginId="com.interaktonline.jseclipse.editors.JsEditor" StartDate="2011-04-23 08:26:29.105 CST" StructureHandle="/aries.math.client.editor/src/main/javascript/editor.js" StructureKind="resource" NumEvents="108" CreationCount="31"/><InteractionEvent Delta="null" EndDate="2011-04-25 12:27:34.391 CST" Interest="38.0" Kind="selection" Navigation="null" OriginId="com.interaktonline.jseclipse.editors.JsEditor" StartDate="2011-04-23 08:28:46.437 CST" StructureHandle="/aries.math.client.editor/src/main/javascript/editor.js" StructureKind="resource" NumEvents="31" CreationCount="31"/><InteractionEvent Delta="null" EndDate="2011-04-23 10:37:27.107 CST" Interest="7.6520023" Kind="manipulation" Navigation="null" OriginId="org.eclipse.mylyn.core.model.interest.decay.correction" StartDate="2011-04-23 10:37:27.107 CST" StructureHandle="/aries.math.client.editor/src/test/javascript/mock/mocktest.js" StructureKind="resource"/><InteractionEvent Delta="null" EndDate="2011-04-23 08:50:31.787 CST" Interest="107.0" Kind="edit" Navigation="null" OriginId="org.eclipse.wst.jsdt.ui.CompilationUnitEditor" StartDate="2011-04-23 10:42:49.852 CST" StructureHandle="/aries.math.client.editor/src/test/javascript/mock/mocktest.js" StructureKind="resource" NumEvents="107" CreationCount="39"/><InteractionEvent Delta="null" EndDate="2011-04-23 08:48:24.98 CST" Interest="1.0" Kind="propagation" Navigation="null" OriginId="org.eclipse.mylyn.resources.ui.interest.updater" StartDate="2011-04-23 08:48:24.98 CST" StructureHandle="/aries.math.client.editor/src/test/javascript/mock/mocktest.js" StructureKind="resource"/><InteractionEvent Delta="null" EndDate="2011-04-23 10:37:27.107 CST" Interest="2.0" Kind="selection" Navigation="null" OriginId="org.eclipse.wst.jsdt.ui.CompilationUnitEditor" StartDate="2011-04-23 08:50:03.574 CST" StructureHandle="/aries.math.client.editor/src/test/javascript/mock/mocktest.js" StructureKind="resource" NumEvents="2" CreationCount="39"/><InteractionEvent Delta="null" EndDate="2011-04-24 22:49:34.110 CST" Interest="1368.651" Kind="propagation" Navigation="org.eclipse.mylyn.core.model.edges.containment" OriginId="org.eclipse.mylyn.core.model.interest.propagation" StartDate="2011-04-23 06:51:25.514 CST" StructureHandle="/aries.math.client.editor/src/test" StructureKind="resource" NumEvents="722" CreationCount="3"/><InteractionEvent Delta="null" EndDate="2011-04-23 08:46:03.904 CST" Interest="4.0" Kind="selection" Navigation="null" OriginId="org.eclipse.ui.navigator.ProjectExplorer" StartDate="2011-04-23 08:48:10.45 CST" StructureHandle="/aries.math.client.editor/src/test" StructureKind="resource" NumEvents="4" CreationCount="3"/><InteractionEvent Delta="null" EndDate="2011-04-23 08:46:59.269 CST" Interest="35.0" Kind="edit" Navigation="null" OriginId="org.eclipse.wst.html.core.htmlsource.source" StartDate="2011-04-23 08:48:01.298 CST" StructureHandle="/aries.math.client.editor/src/test/mock.html" StructureKind="resource" NumEvents="35" CreationCount="25"/><InteractionEvent Delta="null" EndDate="2011-04-23 08:46:46.535 CST" Interest="1.0" Kind="propagation" Navigation="null" OriginId="org.eclipse.mylyn.resources.ui.interest.updater" StartDate="2011-04-23 08:46:46.535 CST" StructureHandle="/aries.math.client.editor/src/test/mock.html" StructureKind="resource"/><InteractionEvent Delta="null" EndDate="2011-04-23 08:46:47.257 CST" Interest="3.0" Kind="selection" Navigation="null" OriginId="org.eclipse.wst.html.core.htmlsource.source" StartDate="2011-04-23 08:47:22.549 CST" StructureHandle="/aries.math.client.editor/src/test/mock.html" StructureKind="resource" NumEvents="3" CreationCount="25"/><InteractionEvent Delta="null" EndDate="2011-04-23 08:09:40.45 CST" Interest="299.51685" Kind="propagation" Navigation="org.eclipse.mylyn.core.model.edges.containment" OriginId="org.eclipse.mylyn.core.model.interest.propagation" StartDate="2011-04-23 08:38:11.79 CST" StructureHandle="/aries.math.client.editor/src/test/javascript/mock" StructureKind="resource" NumEvents="429" CreationCount="3"/><InteractionEvent Delta="null" EndDate="2011-04-23 08:28:16.960 CST" Interest="9.0" Kind="selection" Navigation="null" OriginId="org.eclipse.ui.navigator.ProjectExplorer" StartDate="2011-04-23 08:45:55.172 CST" StructureHandle="/aries.math.client.editor/src/test/javascript/mock" StructureKind="resource" NumEvents="9" CreationCount="3"/><InteractionEvent Delta="null" EndDate="2011-04-25 12:27:41.253 CST" Interest="12.0" Kind="edit" Navigation="null" OriginId="org.eclipse.wst.jsdt.ui.CompilationUnitEditor" StartDate="2011-04-24 22:50:00.368 CST" StructureHandle="/aries.math.client.editor/src/test/javascript/util.js" StructureKind="resource" NumEvents="12" CreationCount="2394"/><InteractionEvent Delta="null" EndDate="2011-04-25 12:27:41.218 CST" Interest="5.0" Kind="selection" Navigation="null" OriginId="org.eclipse.wst.jsdt.ui.CompilationUnitEditor" StartDate="2011-04-24 22:50:00.52 CST" StructureHandle="/aries.math.client.editor/src/test/javascript/util.js" StructureKind="resource" NumEvents="5" CreationCount="2394"/><InteractionEvent Delta="null" EndDate="2011-04-23 07:28:49.84 CST" Interest="7.5000005" Kind="propagation" Navigation="org.eclipse.mylyn.core.model.edges.containment" OriginId="org.eclipse.mylyn.core.model.interest.propagation" StartDate="2011-04-23 07:28:48.973 CST" StructureHandle="/aries.math.client.editor/lib" StructureKind="resource" NumEvents="9" CreationCount="219"/><InteractionEvent Delta="null" EndDate="2011-04-23 07:48:01.515 CST" Interest="1.0" Kind="selection" Navigation="null" OriginId="org.eclipse.ui.navigator.ProjectExplorer" StartDate="2011-04-23 07:48:01.515 CST" StructureHandle="/aries.math.client.editor/lib" StructureKind="resource"/><InteractionEvent Delta="null" EndDate="2011-04-23 07:34:06.584 CST" Interest="7.4999995" Kind="propagation" Navigation="org.eclipse.mylyn.core.model.edges.containment" OriginId="org.eclipse.mylyn.core.model.interest.propagation" StartDate="2011-04-23 07:28:49.424 CST" StructureHandle="/aries.math.client.editor/lib/jquery" StructureKind="resource" NumEvents="9" CreationCount="336"/><InteractionEvent Delta="null" EndDate="2011-04-23 07:48:30.744 CST" Interest="3.0" Kind="edit" Navigation="null" OriginId="org.eclipse.wst.jsdt.ui.CompilationUnitEditor" StartDate="2011-04-23 07:48:27.45 CST" StructureHandle="/aries.math.client.editor/lib/jsMock/jsmock.js" StructureKind="resource" NumEvents="3" CreationCount="99"/><InteractionEvent Delta="null" EndDate="2011-04-23 07:48:11.935 CST" Interest="1.0" Kind="propagation" Navigation="null" OriginId="org.eclipse.mylyn.resources.ui.interest.updater" StartDate="2011-04-23 07:48:11.935 CST" StructureHandle="/aries.math.client.editor/lib/jsMock/jsmock.js" StructureKind="resource"/><InteractionEvent Delta="null" EndDate="2011-04-23 07:50:43.314 CST" Interest="2.0" Kind="selection" Navigation="null" OriginId="org.eclipse.ui.navigator.ProjectExplorer" StartDate="2011-04-23 07:48:26.904 CST" StructureHandle="/aries.math.client.editor/lib/jsMock/jsmock.js" StructureKind="resource" NumEvents="2" CreationCount="99"/><InteractionEvent Delta="null" EndDate="2011-04-23 07:48:27.45 CST" Interest="4.1169996" Kind="propagation" Navigation="org.eclipse.mylyn.core.model.edges.containment" OriginId="org.eclipse.mylyn.core.model.interest.propagation" StartDate="2011-04-23 07:48:26.904 CST" StructureHandle="/aries.math.client.editor/lib/jsMock" StructureKind="resource" NumEvents="6" CreationCount="79"/><InteractionEvent Delta="null" EndDate="2011-04-23 07:51:20.540 CST" Interest="2.0" Kind="selection" Navigation="null" OriginId="org.eclipse.ui.navigator.ProjectExplorer" StartDate="2011-04-23 07:48:10.233 CST" StructureHandle="/aries.math.client.editor/lib/jsMock" StructureKind="resource" NumEvents="2" CreationCount="79"/><InteractionEvent Delta="null" EndDate="2011-04-25 12:27:43.326 CST" Interest="31.0" Kind="edit" Navigation="null" OriginId="org.eclipse.ui.DefaultTextEditor" StartDate="2011-04-23 07:02:37.231 CST" StructureHandle="/aries.math.client.editor/src/test/javascript/data/supportbrowsers.txt" StructureKind="resource" NumEvents="5" CreationCount="1"/><InteractionEvent Delta="null" EndDate="2011-04-21 20:20:08.959 CST" Interest="1.0" Kind="propagation" Navigation="null" OriginId="org.eclipse.mylyn.resources.ui.interest.updater" StartDate="2011-04-21 20:20:08.959 CST" StructureHandle="/aries.math.client.editor/src/test/javascript/data/supportbrowsers.txt" StructureKind="resource"/><InteractionEvent Delta="null" EndDate="2011-04-25 12:27:42.980 CST" Interest="18.0" Kind="selection" Navigation="null" OriginId="org.eclipse.ui.DefaultTextEditor" StartDate="2011-04-21 20:20:09.387 CST" StructureHandle="/aries.math.client.editor/src/test/javascript/data/supportbrowsers.txt" StructureKind="resource" NumEvents="18" CreationCount="1"/><InteractionEvent Delta="null" EndDate="2011-04-24 22:49:31.414 CST" Interest="1369.6" Kind="propagation" Navigation="org.eclipse.mylyn.core.model.edges.containment" OriginId="org.eclipse.mylyn.core.model.interest.propagation" StartDate="2011-04-23 08:29:08.524 CST" StructureHandle="/aries.math.client.editor/src/test/javascript" StructureKind="resource" NumEvents="721" CreationCount="6"/><InteractionEvent Delta="null" EndDate="2011-04-23 07:48:18.310 CST" Interest="3.0" Kind="selection" Navigation="null" OriginId="org.eclipse.ui.navigator.ProjectExplorer" StartDate="2011-04-21 19:58:51.492 CST" StructureHandle="/aries.math.client.editor/src/test/javascript" StructureKind="resource" NumEvents="3" CreationCount="6"/><InteractionEvent Delta="null" EndDate="2011-04-25 12:27:43.904 CST" Interest="3794.0" Kind="propagation" Navigation="null" OriginId="org.eclipse.wst.jsdt.ui.CompilationUnitEditor" StartDate="2011-04-23 08:19:04.442 CST" StructureHandle="/aries.math.client.editor" StructureKind="resource" NumEvents="1877" CreationCount="2"/><InteractionEvent Delta="null" EndDate="2011-04-25 12:27:43.904 CST" Interest="4035.0" Kind="propagation" Navigation="null" OriginId="org.eclipse.wst.jsdt.ui.CompilationUnitEditor" StartDate="2011-04-23 08:03:20.233 CST" StructureHandle="/" StructureKind="resource" NumEvents="1877" CreationCount="2"/><InteractionEvent Delta="null" EndDate="2011-04-23 08:45:39.303 CST" Interest="2.0" Kind="edit" Navigation="null" OriginId="org.eclipse.wst.jsdt.ui.CompilationUnitEditor" StartDate="2011-04-23 08:45:42.765 CST" StructureHandle="/aries.math.client.editor/src/test/javascript/mock/mockTest.js" StructureKind="resource" NumEvents="2" CreationCount="215"/><InteractionEvent Delta="null" EndDate="2011-04-23 08:45:38.565 CST" Interest="1.0" Kind="propagation" Navigation="null" OriginId="org.eclipse.mylyn.resources.ui.interest.updater" StartDate="2011-04-23 08:45:38.565 CST" StructureHandle="/aries.math.client.editor/src/test/javascript/mock/mockTest.js" StructureKind="resource"/><InteractionEvent Delta="null" EndDate="2011-04-23 08:48:18.880 CST" Interest="2.0" Kind="selection" Navigation="null" OriginId="org.eclipse.ui.navigator.ProjectExplorer" StartDate="2011-04-23 08:45:39.260 CST" StructureHandle="/aries.math.client.editor/src/test/javascript/mock/mockTest.js" StructureKind="resource" NumEvents="2" CreationCount="215"/><InteractionEvent Delta="null" EndDate="2011-04-24 22:49:50.273 CST" Interest="1372.2941" Kind="propagation" Navigation="org.eclipse.mylyn.core.model.edges.containment" OriginId="org.eclipse.mylyn.core.model.interest.propagation" StartDate="2011-04-23 08:24:28.752 CST" StructureHandle="/aries.math.client.editor/src" StructureKind="resource" NumEvents="745" CreationCount="24"/><InteractionEvent Delta="null" EndDate="2011-04-25 12:27:17.731 CST" Interest="489.0" Kind="edit" Navigation="null" OriginId="org.eclipse.wst.jsdt.ui.CompilationUnitEditor" StartDate="2011-04-23 07:04:00.411 CST" StructureHandle="/aries.math.client.editor/src/main/javascript/canvas.js" StructureKind="resource" NumEvents="152" CreationCount="2"/><InteractionEvent Delta="null" EndDate="2011-04-25 12:27:17.652 CST" Interest="54.0" Kind="selection" Navigation="null" OriginId="org.eclipse.wst.jsdt.ui.CompilationUnitEditor" StartDate="2011-04-23 07:02:39.696 CST" StructureHandle="/aries.math.client.editor/src/main/javascript/canvas.js" StructureKind="resource" NumEvents="30" CreationCount="2"/><InteractionEvent Delta="null" EndDate="2011-04-23 07:51:28.375 CST" Interest="2.7" Kind="propagation" Navigation="null" OriginId="org.eclipse.mylyn.resources.ui.interest.updater" StartDate="2011-04-23 07:59:39.868 CST" StructureHandle="/aries.math.client.editor/lib/jsmock" StructureKind="resource" NumEvents="3" CreationCount="743"/><InteractionEvent Delta="null" EndDate="2011-04-21 23:27:20.271 CST" Interest="1.0" Kind="propagation" Navigation="null" OriginId="org.eclipse.mylyn.resources.ui.interest.updater" StartDate="2011-04-21 23:27:20.271 CST" StructureHandle="/aries.math.client.editor/src/test/javascript/supportbrowsers.txt" StructureKind="resource"/><InteractionEvent Delta="null" EndDate="2011-04-23 08:10:33.334 CST" Interest="435.0" Kind="edit" Navigation="null" OriginId="org.eclipse.wst.jsdt.ui.CompilationUnitEditor" StartDate="2011-04-23 08:19:21.927 CST" StructureHandle="/aries.math.client.editor/src/test/javascript/mock/mock.js" StructureKind="resource" NumEvents="435" CreationCount="4"/><InteractionEvent Delta="null" EndDate="2011-04-23 08:07:38.862 CST" Interest="1.0" Kind="propagation" Navigation="null" OriginId="org.eclipse.mylyn.resources.ui.interest.updater" StartDate="2011-04-23 08:07:38.862 CST" StructureHandle="/aries.math.client.editor/src/test/javascript/mock/mock.js" StructureKind="resource"/><InteractionEvent Delta="null" EndDate="2011-04-23 08:23:33.966 CST" Interest="3.0" Kind="selection" Navigation="null" OriginId="org.eclipse.wst.jsdt.ui.CompilationUnitEditor" StartDate="2011-04-23 08:30:01.715 CST" StructureHandle="/aries.math.client.editor/src/test/javascript/mock/mock.js" StructureKind="resource" NumEvents="3" CreationCount="4"/><InteractionEvent Delta="null" EndDate="2011-04-23 08:50:00.967 CST" Interest="2.0" Kind="edit" Navigation="null" OriginId="org.eclipse.wst.html.core.htmlsource.source" StartDate="2011-04-23 08:50:01.524 CST" StructureHandle="/aries.math.client.editor/src/test/javascript/mock.html" StructureKind="resource" NumEvents="2" CreationCount="328"/><InteractionEvent Delta="null" EndDate="2011-04-23 08:49:26.997 CST" Interest="1.0" Kind="propagation" Navigation="null" OriginId="org.eclipse.mylyn.resources.ui.interest.updater" StartDate="2011-04-23 08:49:26.997 CST" StructureHandle="/aries.math.client.editor/src/test/javascript/mock.html" StructureKind="resource"/><InteractionEvent Delta="null" EndDate="2011-04-24 22:06:45.555 CST" Interest="24.262001" Kind="manipulation" Navigation="null" OriginId="org.eclipse.mylyn.core.model.interest.decay.correction" StartDate="2011-04-24 22:06:45.555 CST" StructureHandle="/aries.math.client.editor/src/main/resources/notsupport.html" StructureKind="resource"/><InteractionEvent Delta="null" EndDate="2011-04-23 07:02:55.250 CST" Interest="3.0" Kind="edit" Navigation="null" OriginId="org.eclipse.wst.html.core.htmlsource.source" StartDate="2011-04-23 07:02:57.886 CST" StructureHandle="/aries.math.client.editor/src/main/resources/notsupport.html" StructureKind="resource" NumEvents="3" CreationCount="431"/><InteractionEvent Delta="null" EndDate="2011-04-24 22:06:45.555 CST" Interest="5.0" Kind="selection" Navigation="null" OriginId="org.eclipse.ui.navigator.ProjectExplorer" StartDate="2011-04-23 07:02:52.768 CST" StructureHandle="/aries.math.client.editor/src/main/resources/notsupport.html" StructureKind="resource" NumEvents="5" CreationCount="431"/><InteractionEvent Delta="null" EndDate="2011-04-25 12:27:43.903 CST" Interest="3.0" Kind="edit" Navigation="null" OriginId="org.eclipse.wst.jsdt.ui.CompilationUnitEditor" StartDate="2011-04-21 23:28:54.86 CST" StructureHandle="/aries.math.client.editor/src/test/javascript/document.js" StructureKind="resource" NumEvents="3" CreationCount="1618"/><InteractionEvent Delta="null" EndDate="2011-04-25 12:27:43.853 CST" Interest="7.0" Kind="selection" Navigation="null" OriginId="org.eclipse.wst.jsdt.ui.CompilationUnitEditor" StartDate="2011-04-21 23:28:53.506 CST" StructureHandle="/aries.math.client.editor/src/test/javascript/document.js" StructureKind="resource" NumEvents="7" CreationCount="1618"/></InteractionHistory>