<?xml version="1.0" encoding="UTF-8"?><InteractionHistory Id="local-4" Version="1"><InteractionEvent Delta="null" EndDate="2011-04-23 13:09:17.716 CST" Interest="106.0" Kind="propagation" Navigation="org.eclipse.mylyn.core.model.edges.containment" OriginId="org.eclipse.mylyn.core.model.interest.propagation" StartDate="2011-04-23 10:59:23.274 CST" StructureHandle="" StructureKind="java" NumEvents="146" CreationCount="1"/><InteractionEvent Delta="null" EndDate="2011-04-23 13:08:48.279 CST" Interest="8.0" Kind="edit" Navigation="null" OriginId="org.eclipse.wst.html.core.htmlsource.source" StartDate="2011-04-23 11:23:46.142 CST" StructureHandle="/aries.math.client.editor/src/test/javascript/index.html" StructureKind="resource" NumEvents="8" CreationCount="248"/><InteractionEvent Delta="null" EndDate="2011-04-23 13:08:48.248 CST" Interest="4.0" Kind="selection" Navigation="null" OriginId="org.eclipse.wst.html.core.htmlsource.source" StartDate="2011-04-23 11:23:45.905 CST" StructureHandle="/aries.math.client.editor/src/test/javascript/index.html" StructureKind="resource" NumEvents="4" CreationCount="248"/><InteractionEvent Delta="null" EndDate="2011-04-23 11:23:28.496 CST" Interest="7.217" Kind="propagation" Navigation="org.eclipse.mylyn.core.model.edges.containment" OriginId="org.eclipse.mylyn.core.model.interest.propagation" StartDate="2011-04-23 11:22:49.703 CST" StructureHandle="/aries.math.client.editor/src/main" StructureKind="resource" NumEvents="11" CreationCount="220"/><InteractionEvent Delta="null" EndDate="2011-04-23 11:22:49.702 CST" Interest="1.0" Kind="selection" Navigation="null" OriginId="org.eclipse.ui.navigator.ProjectExplorer" StartDate="2011-04-23 11:22:49.702 CST" StructureHandle="/aries.math.client.editor/src/main/javascript/util" StructureKind="resource"/><InteractionEvent Delta="null" EndDate="2011-04-23 13:09:17.716 CST" Interest="106.0" Kind="propagation" Navigation="org.eclipse.mylyn.core.model.edges.containment" OriginId="org.eclipse.mylyn.core.model.interest.propagation" StartDate="2011-04-23 10:59:23.226 CST" StructureHandle="/aries.math.client.editor/src/test/javascript" StructureKind="resource" NumEvents="146" CreationCount="1"/><InteractionEvent Delta="null" EndDate="2011-04-23 13:09:17.716 CST" Interest="274.0" Kind="propagation" Navigation="null" OriginId="org.eclipse.wst.jsdt.ui.CompilationUnitEditor" StartDate="2011-04-23 10:59:23.273 CST" StructureHandle="/aries.math.client.editor" StructureKind="resource" NumEvents="274" CreationCount="1"/><InteractionEvent Delta="null" EndDate="2011-04-23 11:23:28.496 CST" Interest="5.217" Kind="propagation" Navigation="org.eclipse.mylyn.core.model.edges.containment" OriginId="org.eclipse.mylyn.core.model.interest.propagation" StartDate="2011-04-23 11:22:49.702 CST" StructureHandle="/aries.math.client.editor/src/main/javascript" StructureKind="resource" NumEvents="9" CreationCount="220"/><InteractionEvent Delta="null" EndDate="2011-04-23 11:23:13.729 CST" Interest="2.0" Kind="selection" Navigation="null" OriginId="org.eclipse.ui.navigator.ProjectExplorer" StartDate="2011-04-23 11:22:56.337 CST" StructureHandle="/aries.math.client.editor/src/main/javascript" StructureKind="resource" NumEvents="2" CreationCount="220"/><InteractionEvent Delta="null" EndDate="2011-04-23 13:09:17.716 CST" Interest="274.0" Kind="propagation" Navigation="org.eclipse.mylyn.core.model.edges.containment" OriginId="org.eclipse.mylyn.core.model.interest.propagation" StartDate="2011-04-23 10:59:23.274 CST" StructureHandle="/" StructureKind="resource" NumEvents="274" CreationCount="1"/><InteractionEvent Delta="null" EndDate="2011-04-23 11:23:30.482 CST" Interest="4.0" Kind="edit" Navigation="null" OriginId="org.eclipse.wst.jsdt.ui.CompilationUnitEditor" StartDate="2011-04-23 11:23:18.790 CST" StructureHandle="/aries.math.client.editor/src/main/javascript/canvas.js" StructureKind="resource" NumEvents="4" CreationCount="225"/><InteractionEvent Delta="null" EndDate="2011-04-23 11:23:33.677 CST" Interest="4.0" Kind="selection" Navigation="null" OriginId="org.eclipse.ui.navigator.ProjectExplorer" StartDate="2011-04-23 11:23:18.454 CST" StructureHandle="/aries.math.client.editor/src/main/javascript/canvas.js" StructureKind="resource" NumEvents="4" CreationCount="225"/><InteractionEvent Delta="null" EndDate="2011-04-23 11:23:28.496 CST" Interest="6.0" Kind="edit" Navigation="null" OriginId="org.eclipse.wst.jsdt.ui.CompilationUnitEditor" StartDate="2011-04-23 11:23:10.737 CST" StructureHandle="/aries.math.client.editor/src/main/javascript/util.js" StructureKind="resource" NumEvents="6" CreationCount="221"/><InteractionEvent Delta="null" EndDate="2011-04-23 11:23:10.116 CST" Interest="1.0" Kind="propagation" Navigation="null" OriginId="org.eclipse.mylyn.resources.ui.interest.updater" StartDate="2011-04-23 11:23:10.116 CST" StructureHandle="/aries.math.client.editor/src/main/javascript/util.js" StructureKind="resource"/><InteractionEvent Delta="null" EndDate="2011-04-23 11:23:23.881 CST" Interest="2.0" Kind="selection" Navigation="null" OriginId="org.eclipse.wst.jsdt.ui.CompilationUnitEditor" StartDate="2011-04-23 11:23:10.681 CST" StructureHandle="/aries.math.client.editor/src/main/javascript/util.js" StructureKind="resource" NumEvents="2" CreationCount="221"/><InteractionEvent Delta="null" EndDate="2011-04-23 13:09:17.716 CST" Interest="106.0" Kind="propagation" Navigation="org.eclipse.mylyn.core.model.edges.containment" OriginId="org.eclipse.mylyn.core.model.interest.propagation" StartDate="2011-04-23 10:59:23.227 CST" StructureHandle="/aries.math.client.editor/src" StructureKind="resource" NumEvents="146" CreationCount="1"/><InteractionEvent Delta="null" EndDate="2011-04-23 13:09:17.716 CST" Interest="106.0" Kind="propagation" Navigation="org.eclipse.mylyn.core.model.edges.containment" OriginId="org.eclipse.mylyn.core.model.interest.propagation" StartDate="2011-04-23 10:59:23.228 CST" StructureHandle="=aries.math.client.editor" StructureKind="java" NumEvents="146" CreationCount="1"/><InteractionEvent Delta="null" EndDate="2011-04-23 11:21:52.987 CST" Interest="67.0" Kind="edit" Navigation="null" OriginId="org.eclipse.wst.jsdt.ui.CompilationUnitEditor" StartDate="2011-04-23 10:59:40.385 CST" StructureHandle="/aries.math.client.editor/src/test/javascript/mock/mocktest.js" StructureKind="resource" NumEvents="67" CreationCount="2"/><InteractionEvent Delta="null" EndDate="2011-04-23 11:17:05.971 CST" Interest="11.0" Kind="selection" Navigation="null" OriginId="org.eclipse.wst.jsdt.ui.CompilationUnitEditor" StartDate="2011-04-23 10:59:40.366 CST" StructureHandle="/aries.math.client.editor/src/test/javascript/mock/mocktest.js" StructureKind="resource" NumEvents="11" CreationCount="2"/><InteractionEvent Delta="null" EndDate="2011-04-23 13:09:17.716 CST" Interest="106.0" Kind="propagation" Navigation="org.eclipse.mylyn.core.model.edges.containment" OriginId="org.eclipse.mylyn.core.model.interest.propagation" StartDate="2011-04-23 10:59:23.226 CST" StructureHandle="/aries.math.client.editor/src/test" StructureKind="resource" NumEvents="146" CreationCount="1"/><InteractionEvent Delta="null" EndDate="2011-04-23 13:09:17.716 CST" Interest="106.0" Kind="propagation" Navigation="org.eclipse.mylyn.core.model.edges.containment" OriginId="org.eclipse.mylyn.core.model.interest.propagation" StartDate="2011-04-23 10:59:23.225 CST" StructureHandle="/aries.math.client.editor/src/test/javascript/mock" StructureKind="resource" NumEvents="146" CreationCount="1"/><InteractionEvent Delta="null" EndDate="2011-04-23 13:08:42.897 CST" Interest="13.0" Kind="edit" Navigation="null" OriginId="org.eclipse.wst.html.core.htmlsource.source" StartDate="2011-04-23 11:23:36.259 CST" StructureHandle="/aries.math.client.editor/src/test/javascript/mock.html" StructureKind="resource" NumEvents="13" CreationCount="241"/><InteractionEvent Delta="null" EndDate="2011-04-23 11:24:14.967 CST" Interest="6.0" Kind="selection" Navigation="null" OriginId="org.eclipse.wst.html.core.htmlsource.source" StartDate="2011-04-23 11:23:35.947 CST" StructureHandle="/aries.math.client.editor/src/test/javascript/mock.html" StructureKind="resource" NumEvents="6" CreationCount="241"/><InteractionEvent Delta="null" EndDate="2011-04-23 13:09:17.716 CST" Interest="130.0" Kind="edit" Navigation="null" OriginId="org.eclipse.wst.jsdt.ui.CompilationUnitEditor" StartDate="2011-04-23 11:00:53.842 CST" StructureHandle="/aries.math.client.editor/src/test/javascript/mock/mock.js" StructureKind="resource" NumEvents="130" CreationCount="1"/><InteractionEvent Delta="null" EndDate="2011-04-23 13:09:17.669 CST" Interest="15.0" Kind="selection" Navigation="null" OriginId="org.eclipse.wst.jsdt.ui.CompilationUnitEditor" StartDate="2011-04-23 10:59:23.210 CST" StructureHandle="/aries.math.client.editor/src/test/javascript/mock/mock.js" StructureKind="resource" NumEvents="15" CreationCount="1"/></InteractionHistory>